{
    "0": {
        "accuracy": 0.0,
        "avg_joules": 3.010105532798753,
        "battery": 38808.0,
        "comm_latency": 0.011463934292705659,
        "delta_infer_battery": 82.08340184908225,
        "delta_train_battery": 246.1993056789871,
        "inference_latency": 27.260822260492684,
        "last_round": 0,
        "max_battery": 48510.0,
        "min_battery": 9702.0,
        "times_selected": 0,
        "total_inference_latency": 27.27228619478539,
        "total_train_latency": 81.79393071577076,
        "train_latency": 81.78246678147805,
        "trans_prob": 1,
        "utility": 38808.0
    },
    "1": {
        "accuracy": 0.0,
        "avg_joules": 3.8627418184306785,
        "battery": 24740.100000000002,
        "comm_latency": 0.012793404408532456,
        "delta_infer_battery": 156.63761924916275,
        "delta_train_battery": 469.8560550319143,
        "inference_latency": 40.543537531846134,
        "last_round": 0,
        "max_battery": 48510.0,
        "min_battery": 9702.0,
        "times_selected": 0,
        "total_inference_latency": 40.55633093625467,
        "total_train_latency": 121.64340599994692,
        "train_latency": 121.6306125955384,
        "trans_prob": 1,
        "utility": 24740.100000000002
    },
    "2": {
        "accuracy": 0.0,
        "avg_joules": 4.747437002495573,
        "battery": 28274.4,
        "comm_latency": 0.012128412154080085,
        "delta_infer_battery": 22.885878917577536,
        "delta_train_battery": 68.6037866027685,
        "inference_latency": 4.815009410462797,
        "last_round": 0,
        "max_battery": 55440.0,
        "min_battery": 11088.0,
        "times_selected": 0,
        "total_inference_latency": 4.827137822616877,
        "total_train_latency": 14.45715664354247,
        "train_latency": 14.44502823138839,
        "trans_prob": 1,
        "utility": 28274.4
    },
    "3": {
        "accuracy": 0.0,
        "avg_joules": 4.638592255284939,
        "battery": 52113.6,
        "comm_latency": 0.012250064139424574,
        "delta_infer_battery": 97.55834507526787,
        "delta_train_battery": 292.6206449410246,
        "inference_latency": 21.02602353585985,
        "last_round": 0,
        "max_battery": 55440.0,
        "min_battery": 11088.0,
        "times_selected": 0,
        "total_inference_latency": 21.038273599999275,
        "total_train_latency": 63.09032067171897,
        "train_latency": 63.07807060757955,
        "trans_prob": 1,
        "utility": 52113.6
    },
    "4": {
        "accuracy": 0.0,
        "avg_joules": 3.615851461738801,
        "battery": 28620.899999999998,
        "comm_latency": 0.011732574705013744,
        "delta_infer_battery": 54.346628612670564,
        "delta_train_battery": 162.9877932063214,
        "inference_latency": 15.022902038875124,
        "last_round": 0,
        "max_battery": 48510.0,
        "min_battery": 9702.0,
        "times_selected": 0,
        "total_inference_latency": 15.034634613580138,
        "total_train_latency": 45.080438691330386,
        "train_latency": 45.06870611662537,
        "trans_prob": 1,
        "utility": 28620.899999999998
    },
    "5": {
        "accuracy": 0.0,
        "avg_joules": 3.8670067739476552,
        "battery": 15038.1,
        "comm_latency": 0.01140586829264312,
        "delta_infer_battery": 55.51337471033382,
        "delta_train_battery": 166.4894820757821,
        "inference_latency": 14.34909658202612,
        "last_round": 0,
        "max_battery": 48510.0,
        "min_battery": 9702.0,
        "times_selected": 0,
        "total_inference_latency": 14.360502450318762,
        "total_train_latency": 43.058695614371,
        "train_latency": 43.047289746078356,
        "trans_prob": 1,
        "utility": 15038.1
    },
    "6": {
        "accuracy": 0.0,
        "avg_joules": 2.203577490454025,
        "battery": 26680.500000000004,
        "comm_latency": 0.01328237133972026,
        "delta_infer_battery": 42.03085972887643,
        "delta_train_battery": 126.03360545788092,
        "inference_latency": 19.060538168706874,
        "last_round": 0,
        "max_battery": 48510.0,
        "min_battery": 9702.0,
        "times_selected": 0,
        "total_inference_latency": 19.073820540046594,
        "total_train_latency": 57.19489687746034,
        "train_latency": 57.18161450612062,
        "trans_prob": 1,
        "utility": 26680.500000000004
    },
    "7": {
        "accuracy": 0.0,
        "avg_joules": 2.828219920629203,
        "battery": 54885.6,
        "comm_latency": 0.013492077277556703,
        "delta_infer_battery": 68.43495515775989,
        "delta_train_battery": 205.24496065016731,
        "inference_latency": 24.18659250903849,
        "last_round": 0,
        "max_battery": 55440.0,
        "min_battery": 11088.0,
        "times_selected": 0,
        "total_inference_latency": 24.20008458631605,
        "total_train_latency": 72.57326960439303,
        "train_latency": 72.55977752711547,
        "trans_prob": 1,
        "utility": 54885.6
    },
    "8": {
        "accuracy": 0.0,
        "avg_joules": 4.492212742662909,
        "battery": 55440.0,
        "comm_latency": 0.011297981025217814,
        "delta_infer_battery": 109.4211297785542,
        "delta_train_battery": 328.2132262999107,
        "inference_latency": 24.352374771064394,
        "last_round": 0,
        "max_battery": 55440.0,
        "min_battery": 11088.0,
        "times_selected": 0,
        "total_inference_latency": 24.363672752089613,
        "total_train_latency": 73.06842229421841,
        "train_latency": 73.05712431319319,
        "trans_prob": 1,
        "utility": 55440.0
    },
    "9": {
        "accuracy": 0.0,
        "avg_joules": 3.342941997902323,
        "battery": 28620.899999999998,
        "comm_latency": 0.012294960860463264,
        "delta_infer_battery": 101.98108969332593,
        "delta_train_battery": 305.88867945375733,
        "inference_latency": 30.498224301884722,
        "last_round": 0,
        "max_battery": 48510.0,
        "min_battery": 9702.0,
        "times_selected": 0,
        "total_inference_latency": 30.510519262745184,
        "total_train_latency": 91.50696786651463,
        "train_latency": 91.49467290565417,
        "trans_prob": 1,
        "utility": 28620.899999999998
    },
    "10": {
        "accuracy": 0.0,
        "avg_joules": 2.6190222047371527,
        "battery": 56133.00000000001,
        "comm_latency": 0.011467431781924768,
        "delta_infer_battery": 68.15100752542669,
        "delta_train_battery": 204.40210717916833,
        "inference_latency": 26.011825979806062,
        "last_round": 0,
        "max_battery": 69300.0,
        "min_battery": 13860.0,
        "times_selected": 0,
        "total_inference_latency": 26.023293411587986,
        "total_train_latency": 78.04694537120011,
        "train_latency": 78.03547793941819,
        "trans_prob": 1,
        "utility": 56133.00000000001
    },
    "11": {
        "accuracy": 0.0,
        "avg_joules": 3.746396284164459,
        "battery": 59251.5,
        "comm_latency": 0.013577972970900978,
        "delta_infer_battery": 123.46180632886335,
        "delta_train_battery": 370.3251327865993,
        "inference_latency": 32.9467717418464,
        "last_round": 0,
        "max_battery": 62370.0,
        "min_battery": 12474.0,
        "times_selected": 0,
        "total_inference_latency": 32.9603497148173,
        "total_train_latency": 98.85389319851011,
        "train_latency": 98.8403152255392,
        "trans_prob": 1,
        "utility": 59251.5
    },
    "12": {
        "accuracy": 0.0,
        "avg_joules": 4.209122286196894,
        "battery": 46153.8,
        "comm_latency": 0.012261050616277025,
        "delta_infer_battery": 69.23801296578267,
        "delta_train_battery": 207.65959983261172,
        "inference_latency": 16.443046489853632,
        "last_round": 0,
        "max_battery": 62370.0,